"dailyTxns","dailyVolumeETH","dailyVolumeToken","dailyVolumeUSD","date","priceUSD","totalLiquidityETH","totalLiquidityToken","totalLiquidityUSD"
"38","32148.5481505468840069212355549345","32187.150350894950085318","742194.5125411875646136716308901077",1631145600,"23.12046461678221410020172595729186","14921.78481701737255717270953671037","2239371.098117788016330121","51775300.23787704968028134928118252"
"283","816893.5638945574509759230962028662","817646.857458065565053761","18384280.45652124615724177840464385",1631059200,"23.25219248818048841223911144804588","14900.54367202593635290233890111057","2243472.295969531314796732","52165649.66778376946739930967408123"
"354","1078652.07293502713609260993747252","1079846.518900122516464725","27173027.08877110231209919470323437",1630972800,"24.40203070298690871028181770905063","15308.2506485208837744941178584538","2161287.257164009861144414","52739798.00729053130059300753770221"
"288","428348.1968474698193443291483353158","428773.433257168225979649","12605085.31750290088782161245371872",1630886400,"28.93301950339164793208249104922499","15607.71652859526321932449467574658","2120396.142760180680237704","61349462.95339672863762901174589146"
"194","116351.9697915851722985762220605065","116631.145299887077920041","3391344.29923854105971469335733049",1630800000,"29.22105848719464876112579911937331","15645.10165113541582281647854448844","2115872.998636800833327326","61828048.64464188047911231479246098"
"205","100728.2985862951328676916222397887","100975.162418014003894644","2913147.348377153314250053669164999",1630713600,"28.61114037435042914906162003731436","15623.96871799588033670672943911931","2121405.071036502907034131","60695818.27828422852507092137138915"
"286","346778.6571622039432103975280826914","348662.806132923539631669","10319726.67899011838469081633681177",1630627200,"28.56687318232991547932032394658725","15567.50246280875587131716437404052","2132013.604068886649779852","60904962.25043802840629771840262093"
"217","104841.3137067586933082365289246124","105206.721861869436796698","3191434.831857355843151303894719577",1630540800,"30.13401597855054634491864235855032","16271.77374250460568555547018730289","2048870.119261885687849289","61740684.91181242683943264920465301"
"314","281894.8569611987786813711582598545","282874.310280253691371781","8508608.833943994183171107989296557",1630454400,"31.32622261515323738972435762208268","16535.47982047814182402666081607081","2018145.407838981896242682","63220872.31571316829103453312349125"
"315","216609.192963605924522412805342565","217507.459922563842853792","6164808.542252798005140338508039111",1630368000,"29.40552339460058762214175144788467","16963.51856786119701515204593700195","1978287.786846210013472416","58172587.79735884918921421717152189"
"239","121816.306962608092552852683833637","122579.776492624305255814","3308406.379496138123902326499074384",1630281600,"26.71421222787132315545694114741676","16734.56271310618822515865495989248","2019492.461983953728527827","53949150.22202569991683768007803403"
"279","60298.14090244634503366795262077986","60558.079229686065318512","1626574.842207365106092167112949735",1630195200,"26.9069139709429230372504484244907","16752.46721930952997786569200549788","2018517.108221840863752426","54312066.17980155807844354804733303"
"344","50978.54681984216777474825423620522","51755.474590958638345415","1396456.107809993108882412473195487",1630108800,"26.81386041747168371295466429904383","16735.46854285441764282439088916672","2022196.431827206614132024","54222892.85972401153564320164315802"
"222","102649.3865038525433995020522827504","103041.647417065847583925","2687360.976899713617608717844807525",1630022400,"27.33228828887107346796051444423061","16819.68856517527171827212592417892","2012994.943667381969560276","55019758.12435667046080203105144133"
"238","130268.9544935644582753452027908177","130821.593421603638737186","3405768.547738987812859294320234491",1629936000,"25.67429213069797322630984472603327","16746.52855349705026884531111353726","2023631.93030321323858195","51955317.34361293707229372382838943"
"198","96749.6452270309289840839174548448","96983.290740564903801984","2584919.634661476674071104003911276",1629849600,"27.00140202042785658373498746250367","17058.93318447276288999511535579161","2034191.013499547424616543","54926009.34184286911782725001001956"
"200","117652.4370980528993345079676644008","117917.400667491401939936","3336359.427245275295762426310782002",1629763200,"26.72555863305973909052442594282241","17096.66601133111963260512376619729","2031455.485117700634714614","54291782.67796392452232851961585755"
"235","74672.14934389207791308843463476005","75077.41177227952579276","2182290.111825669988409074184562249",1629676800,"28.77910607591646628537524714182792","17349.47427489821252439913485555023","2004000.919404411877443765","57673355.03577369452243915416553015"
"338","92418.73977344210475330358344565761","92830.966165731260308358","2635027.869667715338784128716433185",1629590400,"28.39228643805328383354277894010281","18098.96534217626274579269457448962","2067461.54716719243516538","58699960.44683173737241756575318538"
"283","115109.9476495163868066301260106024","115712.088304304836661001","3363856.409709464310574955217418752",1629504000,"28.40550730335834351883321264173103","18115.60816730796126031726268957809","2064809.618268286912683647","58651964.6917643772558655786640074"
"278","91172.01619297313106912933750714592","91979.386776147548328724","2590000.334167755325159495971171238",1629417600,"28.72073582501560822863084762351483","18272.75851357802046041300390323403","2084104.694556184099994177","59857020.36402300833856139742925057"
"367","347435.8190506916324201412052393874","348208.739745116365839437","8943355.852302484694802936324915932",1629331200,"27.88265763932719070068797757975836","18565.03945039900603563223449245811","2109035.556812402399559071","58805516.37976800707761697013768688"
"323","553087.513517180881817621269357396","553609.164313557804004938","14408788.20501076903933598658411719",1629244800,"26.4035842464801215590619942964669","18508.44085754929296789387937853601","2119135.418412030516690753","55952770.54974194988831868167008894"
"346","828324.2668195326064473144794869697","829105.341829406668101276","22365257.61917317535159609952988414",1629158400,"26.28445826636831205110012296320985","18491.95890036569751070407802143028","2119180.644556025480043281","55701515.21072835159887834569288365"
"246","158965.2232753993747342157978834462","159402.853585751655544021","4819834.358915602628530062840911428",1629072000,"29.08629183911058833291368290403896","19018.03491010005490297462661367334","2060534.399615327563308052","59933304.8917379379081235043015602"
"175","74076.11273922618801129797363832134","74709.165438039224478733","2190545.154759887647963108301234927",1628985600,"30.15481058968753448591453902015875","18910.08743962348922276891105266398","2073536.166002802147270822","62527090.33668138761611206151273484"
"236","125229.2575979654039470240321211803","125436.858484445314703863","3724500.361971730315262677457593646",1628899200,"30.1752444651400379980260509125437","19033.05384002466964817124340137039","2061758.1243520534359965","62214055.43031180663608582567532223"
"280","171648.0941183395945320464387522196","173045.328120006410216053","5115731.621040264033497326560855405",1628812800,"30.47702703317777002685236609385817","19019.7563255534901654675622641343","2069932.931255515716605347","63085401.90273925515810941740009244"
"213","92800.9595918663995969533607270927","93255.649931662181892548","2646398.556567415465041879391965184",1628726400,"27.96435133470567193117095315024633","19058.17897662535256116755629286021","2072768.783623537352333902","57963634.50085911886294786954089005"
"237","115215.6329162486727440656327487723","115526.384031216450770585","3432994.31357979006723241957929701",1628640000,"28.988530712506079694148526771851","19002.40323971166245438233946918615","2079174.077568120645117897","60272201.60422996337437862981944648"
"348","208886.3894818071057981457525047325","209844.491200074758405016","6117612.787644667897979560805844476",1628553600,"28.85095490094475142143261115461711","19054.1441197320050429337295947738","2074686.799313588608217963","59856695.28058175919552920719681195"
"229","161894.7720987185648408704050628007","162671.858318742360843263","4416220.076067353906720197147049756",1628467200,"28.33979283686368373226025452591791","18890.20453628966961001837153846958","2101308.214854674344912637","59550639.49538131450270296104759174"
"253","97068.86216978880986232790101929293","97601.284408270381094502","2677077.415428662971997093372018674",1628380800,"26.63725942979000560490681530587443","19237.55479205843377181215362434157","2176368.328888340253653029","57972487.79137725768794286642716142"
"258","151594.819152954791108396983893215","152468.122803978634733331","4207485.689262361606274579536387659",1628294400,"28.1279484376477529470566048674083","19387.6733001863183038327500390859","2165706.180618817351652074","60916871.77954114578014497697049498"
"267","126114.0780612407664793210327508708","126663.254656993055862047","3260020.157294959535145342218122543",1628208000,"26.16590042840757874833360057814611","19562.55610088726842552210914580479","2157239.675782838951443063","56446118.55674401200153026519208663"
"282","129840.8322138367054366038848590368","131277.473384659516502713","3159477.432877492096083633044302116",1628121600,"25.35453684828644451342384250075388","19463.82095815166983480548133627903","2168685.835607509551035056","54986024.93126747953618003625214597"
"369","147146.3649825888885205579105317736","148222.212723170663946764","3306659.024192301294295540195589308",1628035200,"23.48874674642088973687376078589148","19296.06294065370539286601031512585","2238775.091220074720846646","52586021.13986366072822666164781006"
"625","157479.4324531216316784264506730008","158792.810022648361159678","3412549.661755445611511521290582637",1627948800,"21.40231888198784676622797041076281","19649.00154471681776245269606663772","2309153.319590787039859279","49421235.69328281829631268857624791"
"257","107646.0322872572909261069054685979","109902.448611224620253343","2442855.031127217047065536712424018",1627862400,"22.52893963845286961428534391016865","19729.82466534569106739472974070649","2294144.917465756754538812","51684652.36744947437888307747711916"
"349","166925.3123718040339207914881920499","167818.783172451882658232","3751850.339444116023620350905896771",1627776000,"22.03503181334242391666588095616678","19745.16471136938902132779505611313","2298647.873740074332863001","50650779.02553445722558275406889762"
"373","121241.4789167594638845532082348927","122055.585789686618985843","2588546.396572926805950914857317274",1627689600,"21.96060675064119911156104740797904","19578.25981530961900022468052768466","2272770.550732103352402428","49911420.29906594478037792614832888"
"339","170924.7703266824977696152889729305","171859.94312682968589513","3483726.014438165877974763085859841",1627603200,"21.05977989920280698987554735072356","19606.98040026340688337973929066038","2300161.807120636796118237","48440901.3905131907592994444847614"
"312","157021.655119662290944947726411615","157550.519416061324725093","3027176.970978898329563343849862558",1627516800,"19.69754977578902113240416446928322","19145.58305655433849293080492444215","2325931.31472060658080748","45815147.84677554730348305705583564"
"252","115803.1038880072129247507532719367","116518.379066441518557209","2217343.332659702164621352560377789",1627430400,"18.96650551457881546953720711710239","19216.46476221040382676967313193482","2327521.048252124824674458","44144940.79697219073780617704492854"
"299","150394.9883115418421400256299079901","151265.049154361763397677","2788100.140321634989806216136186921",1627344000,"18.70103939301342111182045195684658","19182.09893298445666167360652741067","2340390.669367798498263957","43767738.10288824876659762959699722"
"364","223790.0170713687001133558218065482","228072.919580652176509794","4419865.098152476221824115357438124",1627257600,"18.65242052003845487017837146348257","19342.39562804256868504464367622623","2321977.276523530644156678","43310496.59969050858464267973008139"
"352","109760.7859183981769315215245245931","110680.971596769419328139","1980659.595869176270543754673218677",1627171200,"18.21166606532141674271561905347888","19366.63436077233432842796319030945","2329319.91320825872749925","42420796.41865227316458420053717673"
"443","116348.7873774055715637046272760498","117541.408819658513058881","2171575.279443800664603471441625171",1627084800,"18.27271650913315350249622422168393","19440.48276501348024367498618367524","2321624.36067454521959185","42422383.78330346522520740075651586"
"369","151930.494190738508906233100505784","153089.510242338850250719","2707533.475827533591186029263590915",1626998400,"18.5882489515165958540268770751572","19923.92617528148832648483902194969","2273585.403277895100455805","42261971.48866377035564504285761314"
"308","139385.8990851735570056187144001576","140596.557781797426570814","2380326.308404587283859686331956804",1626912000,"17.50982630764969658804577360233424","20007.91387469810420275022921810184","2309442.933454924743272274","40437944.63222472886260617172886247"
"512","217983.5045445011030826237109571771","221604.778485969652985176","3414834.8994331740196233230316837",1626825600,"16.63661699317608128897193084000281","19676.72988875563721291414657483523","2352003.683688557316220811","39129384.45206579340698422950192042"
"410","186868.273094281857331364436639879","188659.858022615576541345","2796814.514717890401954963812726159",1626739200,"14.60222795659550804131934436920258","19482.59466328059680254876859583633","2381988.989997147952792314","34782346.22203905179440954069714283"
"379","206433.2999322239388304551691380158","207540.363095937417038857","3319565.416494992503158878735172501",1626652800,"15.7634837441841024157963147668973","20074.91539797534736120707073851534","2320652.606295331045225109","36581569.63523492074554751913001018"
"299","108363.8706270561722595270615446167","109216.84757590707224624","1819943.587481376745651977739326955",1626566400,"16.36212451879775772259148330542733","20059.24521330490550390037809546396","2326175.662665612583842467","38061175.84513164149257401356288466"
"379","207505.3837825691421385028376366744","208156.050921390303565388","3384719.577643923669166550448386791",1626480000,"16.1144819024184250298847327306704","19699.01125162399689065001192055342","2316429.193013710869573853","37328056.30905316059992116591424711"
"350","126326.8666007408274032123382425013","127723.239191662058588928","2129855.25923964051643808411567339",1626393600,"16.32722226989877847921296388353469","19946.53553470767048212493434803298","2291060.203031036696064176","37406649.16860715924720077847006634"
"373","186597.8867022369178378978310873574","188082.322804771985501266","3326169.141173127495769048792798785",1626307200,"16.9198396395028572489847424350284","20159.04840094953497545094049107111","2268082.14238133109437053","38375586.13831220925070304029986367"
"416","205940.9085600860184870274406146968","207710.914746054001140323","3651829.335580673395162719604493954",1626220800,"17.83929030207401353893013821167042","20245.88581673009911655388478602213","2260999.000912276175552851","40334617.54997340206886064868743394"
"359","110873.8035108057345816595195079631","112705.079691279094178723","2141635.626129157670666453711170133",1626134400,"18.37833090400042819260921805829956","20848.4555650203123839323293043255","2198516.91299478036939738","40405071.32505959264228178997650089"
"357","93840.86611985693002374601054305178","94595.229466767840569285","1937915.466722284666226051352917041",1626048000,"19.584511193895547843431518375148","21511.57857140225204234188941142524","2236148.772144598244828915","43793880.65928166915082617291454873"
"356","58630.92286503786533838561871629949","59026.339770941463166416","1208686.281980263267663784441527653",1625961600,"20.62448124062750070929587711213757","21569.98286934916785540522875018099","2239251.192020673177968393","46183394.20288314336246491347932546"
"414","56663.00202879669992878777645976759","57998.907830980923157982","1187305.611564439815324718203998215",1625875200,"20.25656938765976368922948755082204","21528.53491209328448547127015454873","2248332.963724497578792919","45543512.68624800760729540555530425"
"374","113235.9652792250306102455117490108","114240.102390087323815089","2358451.91209316817956701155197932",1625788800,"21.08207502646732382214957254573332","21823.447859023902214875935360796","2228755.656715455920999857","46986793.97053869307244866169413794"
"364","143838.6411984018747786380847451124","145714.248723908034152605","3028496.66321119199491553748471125",1625702400,"20.38404022107429193627540468274178","21628.47308458805304866769360445486","2249246.230083703668105744","45848725.62112593662490579330908763"
"356","189750.9761905515090864053268525295","191005.255694482115076766","4372253.989317247508751510207496074",1625616000,"22.32512627253654278745951583932453","21687.12417108502008532886734695416","2250099.512510965247483002","50233755.74258021759916568085162841"
"603","443498.5009350991562160349485544991","446131.648338548561175833","9749091.067342361390758734969689795",1625529600,"22.37022026586021783612521377977423","21713.41646497096075382462866285592","2253249.395750607134252163","50405685.29685752192016434510101169"
"526","165358.02122882365904291683355085","166344.302361586683948832","3337416.456694337313912396954230788",1625443200,"20.25236626330263560195493944553403","21139.35058048747745084849797194434","2317863.846705380866202435","46942227.57194492727574118594742369"
"815","433678.4847040558771782984504261774","435276.03459821035155615","9020295.412161324007863766308021411",1625356800,"20.85204176487083867705709543158027","20876.49861899147511031080179252606","2330550.817575905362317004","48596742.98324665764593785279290165"
"537","199463.6642766940907608267114879765","200346.306138626967387422","3774912.843957667024483433196493422",1625270400,"19.41305523887326257199473393225677","20602.94727906806367135750534777509","2361692.276141794188331412","45847662.61396097756982875680461818"
"431","90734.9500989909627044469930354464","91502.129169897750104134","1608420.921559947150197410218770534",1625184000,"18.15199291798795428309895564262739","19927.15086242004759641249588433932","2359408.990883181805764608","42827975.29314862193078765843586805"
"435","98159.451388860741309213627535052","99236.243975619869800104","1816937.796325913401269823602257054",1625097600,"17.89862014086681829810004839688133","19956.33920418755804096067010383755","2357993.603901053920849724","42204831.81081853827761114709984528"
"475","171778.2047732931286642128247241763","172912.675766166417109437","3178001.422571553582957976368775142",1625011200,"19.18405551916552786533061864046986","19928.11325834250719945257653060813","2361959.196956417782115144","45311956.36841554461932598581874432"
"523","133595.3149093739102141586284355483","134615.767017969608738804","2507427.01056415293369993979575121",1624924800,"18.53829773437678563271774430560991","20104.97111314315047363183135151027","2345406.066731353361739968","43479835.97307941612153074007099039"
"469","152133.8835767194531659072464131461","154390.575845369676213248","2728867.575474516650858819868926633",1624838400,"17.62619299861273042426094893535999","20129.18243418897840863498114952996","2373268.269723339921215285","41831684.55962728319029135837850477"
"524","77019.55458848334846718648161884844","78316.969089568802785788","1275186.208513672868640047089241629",1624752000,"17.03306511424000414542029210896195","20310.21859573300043231307566424972","2356803.709292559043445208","40143591.04186252772286391794474572"
"661","282715.0758415200294433228066829667","284464.832054884365092943","4536310.734536229484243481162371184",1624665600,"16.12060377074244830652745739578639","20613.43714435824418992195901154392","2334332.89292356605288676","37630855.63583176673723276479113006"
"577","190836.6512011317665903542991200921","196443.557892522043853749","3291565.11678530884920940519196842",1624579200,"15.96534423781111747346577765268146","20610.78105585384139122875666258507","2344668.018050130507488662","37433432.03155666427374882941486"
"565","153525.6878027555143037435941274128","154889.048116127281829198","2695211.753569547789941647108995613",1624492800,"18.08589610305583550728582079889556","20972.87873593176389384232710696769","2305128.773982345165185292","41690319.51040917224828001025480098"
"634","206448.7735014080619367458586193434","208272.729015104691240036","3643776.022176040391192868055342658",1624406400,"17.76865551239908728945538072543832","20857.79079134270414352090850408371","2312427.03369552485734387","41088719.35929465772311706272178837"
"754","579487.1585429855191216576039226878","584190.602664069274860102","9027596.276361114546885306146745903",1624320000,"16.32347595113026198000218274201597","20541.53412521230101968967112665749","2352320.443088780649603695","38398046.18211179301023642940510817"
"532","236570.3285413647829317752299972494","238868.881411967253496834","4159449.43913053364277751062061426",1624233600,"15.89343988783823909284708924842526","20335.43127307015216014519106870108","2420863.014839051661375334","38475840.80303531857762210689610012"
"568","153997.6449820823229528649790383115","155348.257156436596412322","3066533.697906251867300254434752067",1624147200,"20.70418039900633165540027149891165","21467.9421382468051466645654538572","2320120.641613907622474364","48036196.31143266012742017508193327"
"508","43617.89043321986262323919465572146","45323.145659700288444307","925180.3180162422621168531714692547",1624060800,"19.88328170760083632079891841598341","21375.9096648966504598865123494184","2334711.731268474461225699","46421731.05885153776742704505040792"
"449","125051.2516505638130151234148028762","126251.437587713238796645","2654537.241279919988931674599683578",1623974400,"20.33703545613082596661428414012598","21522.71469680164914806835534505408","2356505.749643011930285062","47924340.98306608511136747138020873"
"451","67913.32627752455201412332777325816","68442.857041012106745903","1517734.106960839453134858652665645",1623888000,"22.10974730861315263832463353699395","21789.76255642544537639519445601101","2336684.325676598398028062","51663499.9807067108686184798530573"
"488","93770.78445067179213491894228096556","94766.07554646079621546","2135756.312371829733190203241675652",1623801600,"21.68744619474387558384126944286784","21713.99103990398006380765387644464","2359405.850463430397555265","51169487.43348956111617582998139124"
"472","50239.45803781427830908251487583203","50984.67181625384074927","1221085.617008775001794584949460242",1623715200,"23.53319159419594592520112791897279","21765.43213913557102828866231629453","2360135.732873606456732887","55541526.39002264391182866196544854"
"517","96431.02135356500767251545417027438","97588.733721932544016436","2292535.41434249206839601424376731",1623628800,"24.03249110131395137139347425379858","21941.88687461487619188268736866381","2351824.013243696615736047","56520189.67013560343625432900071278"
"703","179313.8097890721833078048114608422","180758.467709137525063835","3933295.923891123532023114025229804",1623542400,"23.21178857528135503318527477399035","21960.90787357751623992011236760549","2371096.387728781498641249","55037388.04357382049168723802287598"
"691","171155.2537021522168613762693605942","172330.426986549003142031","3635338.071046533680673945947109126",1623456000,"21.21832632036901097465825618006575","21601.23847501292707671979583893052","2415798.032940060924303404","51259190.98702777767926315470906328"
"513","174789.4812247135625002497694540962","175662.882743515385667724","3948117.717888100245797102820912966",1623369600,"21.82095198153480016702327511244137","22047.50971451990250333954297323554","2373345.179043205836810858","51788651.18750890748750484585505593"
"596","81433.45302951847186368287041217033","82187.530587681088330909","1988659.412623395642089515465401001",1623283200,"23.52755644289907895260542443975578","22365.96027336198322379330660522143","2348461.072810884750601636","55253550.44450941448331450613259761"
"647","237696.1037062146592377833640469277","239106.530156886907632812","5657617.937229602586615145400281739",1623196800,"25.08169621639258943138015124420235","22954.91452008505408787677491640298","2384167.290010727895205522","59798959.69710904732928245349966344"
"605","172875.5698604252083419725827860163","174660.827983343556139479","3976001.576441856432078684129751353",1623110400,"23.51029039257167234628469778427844","23494.47390095353290358366572259265","2516101.670887576599629229","59154280.93980172398811424270875349"
"635","166238.6772897444485782013951331452","167320.225941722699130615","4321826.779102820128783897614666439",1623024000,"24.11835094086298194915993357101858","23532.82379325552167890410484201127","2521560.096805280062189249","60815871.33322617823213026344942301"
"609","100070.222563456150076511366091007","101014.619972111382143787","2627886.844949554368347968628037946",1622937600,"25.81057151192564127685019385693081","23855.31111421399474488249611409514","2500093.250125241951939424","64528835.61884015661500020833536226"
"729","121638.9736711019218642580406938289","122863.024144632850480227","3224899.268966161778411574234977926",1622851200,"25.64403823641547063182283082171023","24206.75985862445596732627693397748","2476689.793236861196212562","63512327.75750599459352491326286091"
"674","199916.2937699030052923012392914683","201830.634224940154334121","5357063.257568373572120758575503919",1622764800,"26.46218305664282272106195850465476","24420.52482766018875394916251552786","2479274.356830837877812582","65607011.87809802983685224201711407"
"709","222884.7248574413041260800015490686","224992.64532349664335749","6356044.185094374781767303267979726",1622678400,"28.54780753862864479265759804838512","24494.85723249962869919253645072344","2450077.28717783342962105","69944334.84911817225683720307929054"
"736","422166.6147106749079750512108505636","423314.655708096499651993","11685836.95793560931670633217024936",1622592000,"27.70201097633582435680545673728692","26721.94613824103918473658460865176","2615825.798258342579162819","72463634.97553502582775178916015219"
"806","622133.2093627611297141233677769793","623148.985390988367232867","16935406.10455410171033800625995429",1622505600,"27.44418070438320492817200574874813","27091.67096142225981740436596974102","2601312.984492953914099868","71390903.61508301298867639920333297"
"1057","539059.2862918494837580889599823428","540563.26251105964075787","14069480.4013587430686751480784933",1622419200,"28.31565245690682769158881072672802","27266.31602828402272747625462500004","2607648.617946297756657044","73837271.99550077972608031212275213"
"1025","462625.2268120973196141635027955541","464856.88864470888129962","11457681.71868756803453929918455992",1622332800,"25.699452694609400197809884512645","29565.92225315075400511769275680529","2748800.728474151521285838","70642674.28832931553074563031796552"
"1177","463426.9971513943495223040296675761","466737.988237979038553795","11410675.74146543178632164163383666",1622246400,"23.12008949053735560352920344509369","28830.90257195336860453576270553349","2844646.755301338959588241","65768487.55153367553652596677800407"
"1160","640385.1253811939612028961849149565","643009.017291877598986014","17521211.23983817827369095774403724",1622160000,"25.97555885501665411006859682696422","29762.50681721789049403550786263169","2775280.671310724361783749","72089466.41682185048196734302773528"
"1045","586240.1386377763039475429807961057","588302.440652383784837839","16698477.46178626438797313111149267",1622073600,"28.55726283624210417954380819527263","29541.56656230108048453760257362836","2842239.862547940749862066","81166590.79842617479435482488154928"
"964","671262.4169905798823275821455908218","673713.451794320485154619","18346070.91720232098125383034411242",1621987200,"29.1642364236951525677133280030118","29550.58277368372152559927292328442","2909214.827139356276233415","84845029.02601161136521582017780142"
"1157","1048493.400869782933057249718562799","1052908.046582052684984969","25624477.19262418722844499709045356",1621900800,"25.20387858569447672751801485265605","28683.30844817368307881192936689237","3073820.709462679980701201","77472203.95549064376958795787122981"
"1280","1267503.190142006575269407220196152","1273521.347901547256163128","26335750.70519695856273124435198255",1621814400,"24.7033631048735357823104785442487","28732.41291588422840637151884986012","3069678.615245720372315742","75831385.4476804146499762607765402"
"1303","2868481.510026547776406978803861469","2875578.427179160926965683","45500745.784069485285431159217094",1621728000,"16.84452499396705694385346302881878","27283.20569226801829729682151601053","3414185.736051628983227036","57510336.96496747756998516020924099"
"998","934130.8082440554867631504725664957","937493.507996986766405932","19188659.71406766197529628294114067",1621641600,"20.38300870845703952471202686189228","29507.25866457587076496075435084083","3327975.850623113595676008","67834160.74478564814775915335321584"
"896","1249959.014683497350903508661959384","1254614.323995635242092914","28575678.81241418629741386455302675",1621555200,"21.82416163709395999327549668754239","29829.34036353899171587514069291903","3316746.556745694611048843","72385212.96369287337953814799207134"
"850","1190244.716181094702724755824377053","1194979.578920494707898843","29194980.20543565073045067424779886",1621468800,"26.33502547846514487031302857389753","29260.71913835969149568784174168967","3077224.260909732134853789","81038779.31400887030929482767739297"
"1118","3167775.437126101246908023879961529","3179870.873925284736556061","78103925.4811257762176336432570375",1621382400,"23.52823867219924439969196392213542","29479.20700057515767916432957040081","3073999.444543294937056406","72325792.60942254849033379683603467"
"789","340302.0299896596144860764270160832","344133.558843693099746169","12130431.14315499945670203076236876",1621296000,"35.01898952588258109209633801571963","30859.91716787098194695027919929166","2982406.828545467358247848","104440873.4907544082805240459744157"
"805","376543.8092680705212758125098900552","383523.927821637166700687","13064473.45590078169850964616610457",1621209600,"33.26268939028875276078066126319964","29703.1668155425957775998284465306","2925310.787364918578593204","97303704.09018031482837911799816543"
"916","453428.8410636568633133982036145612","456700.305268705973788969","17126179.17383034559847651484321699",1621123200,"36.57229045031523340379534239595335","30019.54376301662148279562834974846","2939621.025940521665804606","107508673.9745504095281994707300859"
"848","415161.0014769261469207541123768531","417984.159190200582239993","16847546.82685352859679026637981688",1621036800,"36.5630957999026955105385628742353","29983.13805723395932038646274032124","2987305.145322768371616349","109225124.2119786236905874131167289"
"582","177018.2494218166846835278216666539","178655.034023959644980309","7000302.161409852988946949981967779",1620950400,"40.2211227882225301068124097177161","29830.34837933938467423138745189705","3026514.404534446164037267","121729807.4851041537130288527135264"
"721","1033172.064049589160453479483860728","1037982.62514129875595806","39263012.8150208598864069344165449",1620864000,"37.22272618459086410839361263839342","30356.95685136747555236868266109048","3035369.191210294758148772","112984716.2735638320553121548203871"
"720","960362.2617858988346121009232280712","964338.096393232510852344","39802745.50985217491888914863947116",1620777600,"36.36475772970994705196768176772962","30430.18728955199005147131080862737","3149468.254181425319612275","114529650.0407200786619286769217735"
"616","328707.938124912015401160823639538","332373.97150824177766578","12289625.14679450399768131733170887",1620691200,"38.65109513749674782504960910422338","30037.98874351496807374041076351979","3239265.59508116241659436","125201162.6911020259394520310910559"
"702","643190.3489796711780709738047286008","648238.842606796784101548","24639058.73669234713949553431715074",1620604800,"36.48985039056776693549834096947158","30597.86309299241480013267370984067","3315798.165619816730012743","120992978.9887861546606089986560079"
"957","494901.0091310471040511385318119908","496794.878763619966428252","19812277.82904442138819218169003701",1620518400,"39.50847559497751922074063956050215","32278.36154374642945733995314338531","3203156.206698684758633142","126551818.8192557528574399128119703"
"936","320381.2554159706670383187592353929","322500.730025095268949081","13029186.60194028125271455947128099",1620432000,"40.59701184455053679999660462995134","35946.56243472326787244988584321829","3458643.582033268779154725","140410594.4658833087993611810459512"
"1496","336514.0998462299127018742626397873","341666.661591585966503979","13646404.65040011621434959031160876",1620345600,"39.60096343866256462391973877242149","39504.55447578928345018227127118364","3472766.781520177480223054","137524910.3459824148701430075543182"
"2236","485907.806074262432061933537718691","492932.175562612819350378","20430409.28318946846193530943524067",1620259200,"40.31740791387159501954912834590588","40954.28473717493898300526624131191","3550643.407992929308732935","143152738.6367501386705604344869582"
"5595","1650468.614611143963199713494855944","1660229.28439358424279322","70935258.98837245467136533241973631",1620172800,"42.27524932223214924973305948861962","46850.84172083331062390365539248711","3897771.818714337152202532","164779275.4373188534086746978712826"
"6123","1219848.666645502789508177975193527","1231408.633699823661773493","52255254.63409989265776971111388299",1620086400,"43.23814316089459372075801554933721","49160.61816073097370465140102580482","3689432.891523474894862954","159524227.5462053015026653430060276"
"2592","1137578.123462774794732301131425912","1141550.043916081579404486","49162242.3925864894430994074467953",1620000000,"42.40337932168305849428414444291658","44618.51365168323734055772674469404","3604792.507003724016306734","152855384.0504397427650927612263502"
"2287","558754.8357588393900680704090401412","565290.697624967624596976","23501565.0658047398936030770348478",1619913600,"42.36657729153796846668091764630581","49450.77692780971210681454169212411","3439979.179028451788730138","145740143.7695902293196588124231593"
"1836","440419.5469699290150211422199286161","447772.352245190813587595","17908615.19515285047209783800626607",1619827200,"40.09266454793364930765028209919014","48749.95437637319523219642343681168","3577820.079144378530555707","143444340.2459969884461491767670094"
"1664","415452.2285222476034059300856248802","420879.61947880730149126","16954191.27051918282073650028400092",1619740800,"40.45078996839841167560820398732169","50456.05359006706748081162169489648","3456724.61374188880511468","139827241.3290662700647814324631906"
"1686","521347.2250578557402439833911989583","526785.132032338726170051","22190145.58180386694785208108803621",1619654400,"41.23872003506711676012081428205909","50998.13278462910606102993777842759","3410058.887139416363532541","140626463.7498349255333422290219992"
"1798","731071.520787506263446822932970929","740346.352353601590823564","30360290.88862323065022434662178237",1619568000,"42.60070281483109312503883128465691","51862.33863469725120341883230310403","3340095.740446695584273935","142290426.0118528888008367302388896"
"1887","852029.3333209518662098126455238163","860167.801183450646084708","33822847.55789685105063465301285096",1619481600,"39.641600797016862236079744236522","51082.04283388748449165113140587814","3423768.470654686392278903","135723662.9351060195921829800102588"
"1881","755424.5283788182817205893964445981","762995.397018830680646502","27544050.26874751613215763758990211",1619395200,"37.94092421071959424814519563819507","50809.09645977596125872463111052144","3389944.748037892026151015","128617636.7638325923145770797087739"
"1902","805501.4349772025453139513352080834","810501.362731017945725043","26617825.55924189565436739365451275",1619308800,"34.0928752025128933766163988678986","50554.8296384126217737848182315833","3424590.024040627641509266","116754120.3093877475006840327506698"
"1276","454044.6724845300461853467129468053","459151.112726155589387573","14300918.33861463121778254049835216",1619222400,"30.16173588355402270576650299726079","48521.16537897908734755802663992975","3561384.466040548219233359","107417537.6445070860151931319326417"
"1249","798698.067038852180685165390487565","807366.990370532119396462","25859881.55120281296702493139912343",1619136000,"32.79056252914657164608253148184334","48883.53109517502719565249068600856","3526731.878263845261519741","115643522.1777451529045322946586325"
"1711","1228858.623862980975113789405268263","1237508.369402314302364263","44722431.77788576507915010094196581",1619049600,"34.15494410183799131948688950625599","49225.63888566068116409724743682762","3462394.706343169592077705","118257897.6536507242491299207255089"
"1290","1034634.319445557294335558013545971","1039323.308477909354105135","34872642.61714037714747974023688465",1618963200,"33.48389621961812919758353194839182","49234.58891299494764038270506477181","3476796.516656280442401431","116416693.7404487086689308883414841"
"1091","1855212.542488464970254867357740198","1861029.538880264774551837","54317832.96304208707771003404204471",1618876800,"32.02862634812597606968712421046234","48201.17206723232502498662105447649","3507939.659532506683170559","112354488.6069389093660901480038564"
"995","539437.4373642212387341527234975899","544360.341960495124381173","17218164.233899756922000009157414",1618790400,"31.43022321197445181996904332919325","49720.49626521345776600443503951688","3419337.715752709141758209","107470547.6432304990636247686426624"
"1242","1067981.389750104897938112940029407","1072500.750080538273691068","33202187.71844036502033929107726948",1618704000,"31.79220264247960313953263859849892","49280.20704219797304788027679694919","3466314.209353461131403853","110201763.7662717032710744003771423"
"1004","305342.5675092829440537392957408094","308496.518387321359318041","11235151.69915210725840204794172662",1618617600,"34.67724632937142625888399146804124","50568.22631262846247816508036984713","3385724.947873826130445207","117407618.0209189006881643018392238"
"991","542226.5211273657407139572930632958","549411.569264243234582953","20098744.87712213167279192552371141",1618531200,"36.38054360097909240200452036463903","50384.94173903502969172499625059","3360548.386228881727743774","122258577.0883997586669509500722298"
"1453","826822.5143188201323056489698239961","835551.970538582586818359","31786895.4783633151485245779224391",1618444800,"37.80761085583323045147936901394433","50031.56439590875098469628383378764","3321267.683311120960949115","125569196.1186816205566469546826445"
"1188","830803.8241149722633230600665172354","836462.429866896236417589","29557646.46927726681591128279320251",1618358400,"36.07891016951239061307924508459495","50263.67265272995930957923042435366","3376432.247400071799196556","121817995.7473920264366286064026866"
"1442","855985.9673995816497847870732483377","860661.194333786224827887","30408589.0653487755878612350268177",1618272000,"35.37510647283260976317928318424135","51783.0595674795823216986221876774","3362396.309721689494851702","118945127.4602642185632551257037717"
"2319","3255657.445114472021083670840200243","3266557.181649036816473007","117292357.1434728869764372034891975",1618185600,"36.88227137172188418941066713833545","54538.64416256451771782238458895937","3172401.53958671598107378","117005374.4831055645145553628558362"
"1054","319620.1726675474567500382761876129","327899.955777178767511734","9804510.013879475722432011625342228",1618099200,"29.91209896436114658072649549312139","49055.3215291458734119262150658998","3516709.80970658362449278","105192171.8568829849013527069703171"
"990","280833.8614848045461335532933639683","293586.531327724143286713","8772365.285442723362632017441415825",1618012800,"29.74102183131415313769409381135433","49266.60472031518156444876380724662","3536390.070841886460502298","105175854.3009511498078873813689385"
"984","210792.0450673912063109608677289136","226224.450116137049525079","6800903.999821750677461109280087385",1617926400,"29.50132009448947777494173905188729","49952.42410845009244991530177775717","3491589.81509906343186238","103006508.7738968002366861585768272"
"1299","297081.2802913247993289866012744406","327507.128535994506532673","9679490.428279956328843872752748163",1617840000,"30.25900711123634181166439701825873","50517.00053128547238976770979056502","3467011.898626650861444613","104908337.6952848394237502639448167"
"1003","512091.544427583367064647173629301","522102.647622906647070503","15321181.42350926483011943416264439",1617753600,"28.65250411604746121403134914609242","50530.48889622476628502650003467352","3476232.62876836324968154","99602769.70412401424290019530837202"
"975","420560.8805942626020292564431908833","429454.836847698401704676","13420325.07156387873220973299654176",1617667200,"31.17766973145371961093852427483393","50834.45738665259738269778709131285","3447059.790025709400518072","107471291.6779957743151467451617981"
"805","336841.2732957335119206927036275733","340297.004892443280197157","10417165.45777996770600386945288094",1617580800,"30.64318869103444911498533134804204","50500.05828615329176155732492858555","3457763.669634390324097297","105956904.5776103265823054526024752"
"890","387272.9552179632190043332355630702","392341.524758983746336481","11956144.03647894897330019092022576",1617494400,"30.85724240357017856067014608284324","50891.04661134556418134118600607528","3417006.346479250578515759","105439393.1278479444714750530014097"
"1027","743643.2210803903930077799467254205","748180.475242856154680776","23261200.0207530675083617693064641",1617408000,"29.56672386068612566194506973270059","49320.65134824775235331805926928124","3358409.650989973908223524","99297170.76188382521791812372739545"
"950","802841.673645770757063309092635814","808262.486013767668213058","23503146.12233618980641281879484782",1617321600,"30.08998213506147203482413568683381","48627.78232589823071875518193137622","3448544.198736809075670242","103766633.3319604636829007651574805"
"1032","945202.7765774722661175764572434803","949752.720855660478031215","27464552.10807071040855718559930189",1617235200,"28.57270774407670947602029529067891","48960.8460166621941162450317092577","3380043.256628981136141301","96576988.13399714999059641099070279"
"860","411902.0864623982771591579991242625","415288.254676450744335585","11596456.93490180291363667806657175",1617148800,"28.06730472488850232456774000040889","49078.04118390368811452219758441455","3354109.585848473656640821","94140815.82667868237510577775795763"
"989","561496.827282171289435377660388204","565502.973382184546031099","15948422.09691715665411025932278123",1617062400,"28.34809209291293444101788060477891","50413.51485724229212249787107180674","3266240.099275488889407719","92591675.13182664459451507685023944"
"992","411916.8606536918771297474329978091","419060.801465803773637624","11898006.62771250203424061370945216",1616976000,"28.95262945408558550334119316988652","52846.28263864190754133946400293826","3309592.217879099761883993","95821397.12837886229274816086908776"
"1005","316158.3510540089402463865640233646","323344.711071902532820996","9070913.672071608825201974362636195",1616889600,"27.74166057160010194937119042582352","53908.11732910306812965515910595736","3275993.787223948490535467","90881507.67983750564466373186849247"
"973","264354.7546566219611207688176332251","267649.473389997944352079","7661346.883285344245550676580168951",1616803200,"28.36510087341247263695585991918301","53899.29311277931660960938701872956","3263605.749655364570015144","92572506.30002334908361448494146666"
"1227","527287.1792281587568943583653994689","533206.223537746399126235","14865465.39100220029213684644670684",1616716800,"28.81628497172381275155509345739197","53664.72025126998369736694999099039","3158674.603815841556453947","91021267.51650410325121625997069594"
"1233","1007870.36959577126327815409119349","1014048.521657246429633296","27219488.20077191231467383387605638",1616630400,"26.66804682840496420067377973311005","56986.10374569508632766474721576981","3402540.116787394037506051","90739099.1700127200509546325696249"
"1824","1418564.246401779155460131726689323","1426697.724059735529489377","41503396.35663678756622790997482657",1616544000,"27.32250601698174688366509432811483","56414.27562124817913976583700235386","3272055.419734722403436293","89400753.89359968820348214047262549"
"2545","2346791.54175233383805567567441392","2354088.907269110250416745","79313659.01584841423889566198515845",1616457600,"30.91556319668912452778913512356023","53321.54569279962493522139722547041","2875824.090604075305786063","88907721.41563132084961420747098587"
"1569","1035090.181709501293237058363751682","1042126.074587083227551705","35383016.42786153990665527503489402",1616371200,"32.88106695307857305295631428844447","52176.1279007852238564009835116595","2671121.573559847056045096","87829327.30003392377911081637812674"
"1030","303389.9111404059554133685033302189","307573.744578541038115835","9924192.557039617486291681163192004",1616284800,"32.83827179286314979961759941340483","50321.6808029759847936017357271286","2731218.284480294282611588","89688488.3514013296355040759525983"
"1429","1733240.625069865296933486412339692","1735054.327551356508644427","57670551.16966816619626603602235057",1616198400,"32.20624046098052934271435023170183","48735.52299236844346230402717134709","2737609.881129389125703491","88168122.12000942937266790819662786"
"1243","750490.038561399730663331267223923","753130.411257931907352933","24291492.04565870679850364364513045",1616112000,"33.07880089461102807045798896368689","49208.71127701097872205683180876204","2689158.249534917976782086","88954130.3104662710309654417488409"
"852","399657.6672271204536357960028445567","401274.081559427427222593","12215397.52934819883592882046425554",1616025600,"30.16039316962016367539217922857896","47521.61648092444456164529039498921","2803339.7746635600400091","84549829.79188736500194026325110534"
"1014","575878.3510018518935669533219859213","577722.043072071970169931","17703883.81285362336130942557223383",1615939200,"31.41678944889686909447456601653127","47523.05810704689715606903776736552","2758354.342459680486462139","86658637.60250615103389703598861487"
"927","355815.4921458256317065607413463771","359130.41580541549076702","10426918.85888353562234394261378249",1615852800,"29.72572969444302705760038926515409","46629.33947845899887627879512329683","2818783.468942796288589204","83790395.46495800376936743998725483"
"982","316558.313675357617831263301532005","319429.61585156107786607","9650681.049891757437217828672155435",1615766400,"29.68352191364107946358740376978643","47372.67435197366867219571901171628","2851830.384760513497400246","84652369.72002617355051699996790802"
"1203","358189.9825478487161374338178386066","361396.396957748667610592","11651483.5770849002909140913089225",1615680000,"30.66185334035797090714603509209206","47234.50493951599601563165952035035","2858948.975465507668688262","87660674.19329007492419641502778948"
"1329","623871.3854357101792785953155867025","631037.450508080665892727","20365183.17119199011626263350696488",1615593600,"32.4783011864392445467435227849721","47569.10557327749071921019924061529","2825763.810111712738039692","91776008.10654831995634260524734498"
"1113","370222.8883690216957860944976882651","376469.073390052456818465","11514325.68679890325356417597518529",1615507200,"30.90707729931112617252999364225775","48762.2330607687391930785364837996","2789410.063517791630414486","86212512.45262074425967469517453201"
"1392","745349.8462486424204018159699981419","750877.940873529287280714","22987549.66622749666268413391951695",1615420800,"31.07489514669072111896074308347937","48135.25707987153248293696392202619","2824667.444005082269267276","87776244.64672881526619951248170981"
"1615","563205.1337125426508802538726984031","570595.077186767083630917","18131239.43486649904969561526197641",1615334400,"31.01663499383293991265482295280977","48490.90993520726969689756202168982","2815109.585622587230483853","87315226.48489608591658266392558005"
"1503","598097.141866160612117541451814457","601958.457563456104867357","20076090.81854276512718670421186894",1615248000,"33.03526987503344629501978808229952","48705.54644157047029786950815986307","2754888.764101309479344043","91008493.79778411131337703025092712"
"2123","1592108.757354264516879995770532657","1594115.621649234242639418","52574566.67503039731811382883651299",1615161600,"33.34412684917956907493341820226048","50341.54469793113114699090574573665","2768508.963361261520886688","92313514.05740853615860404594578626"
"2516","1934106.215322577992170486588436988","1942387.012450461755496117","60909928.87586536983182523476240568",1615075200,"34.34882212517151574362504024705708","50898.22048919228942303399421149697","2562882.154466192984994731","88031983.25153561180605342353443185"
"1560","634286.5688156661710262216761822289","639154.002891106728935638","18146075.93713273518736150985240293",1614988800,"28.39523833997091121398511569783279","52586.71071631361336760028712396857","3060213.200701282875741669","86895483.20503816451349017171891622"
"1480","1131454.830198286706402314670587002","1137175.875922991463215058","31171020.09594247585705843128220782",1614902400,"28.16715642405854520280033509414326","50781.38640275252072922415425970565","2757975.064895425169473419","77684315.0665624581600370726917242"
"2281","1958523.585066210464291561922559994","1963230.667428078963079365","54398541.21960655033150656398532961",1614816000,"28.12846348841728973292341508674466","49861.19022303138131156606256644672","2722622.194406452886361687","76583178.98811647013397215697542551"
"965","681466.3144518516052318977185363998","683658.54811416637369123","18119359.66027506198566905167986615",1614729600,"25.44566199217162112922917943355459","50195.08236234123068986138348863913","3110898.357203971175384274","79158868.08941422461791973165606662"
"1463","1237743.18814792754384399896796631","1240379.469366901447481472","32508797.29376534141142939074427714",1614643200,"25.57509875566385900768915980507438","52786.88877526764521251531520727608","3078495.066642641702387496","78732815.34820955451275888748162111"
"1326","1043866.529131664460912120879072276","1047714.926425226555992961","24893060.19145072372277634953139707",1614556800,"25.52262705653008557124697028737486","51299.97251859067808890017238305257","3150869.681633035558183577","80418471.78804765015581943161213602"
"1353","1440723.320218694369838390030281949","1443725.345323486983367733","31705429.6689937871617774148908246",1614470400,"22.24468959429056761920189566098174","50183.89712581171791656493920075883","3195695.667126384327303904","71087258.15304573501011257053944953"
"1249","1117560.662882820448932640687693099","1119479.442434118754388256","26760836.73288262116765582038438785",1614384000,"23.44401101907158923491054943519671","75786.2904325497786391843228053848","4723425.078159094646826676","110736029.5801208975227712172801544"
"1374","1746028.841149542520875832194396793","1747397.779336801917175161","40749617.16088937842475773630076938",1614297600,"22.94140698392138585961597503468967","85426.9880906997063293198996932729","5369847.545115555599335453","123191857.974107116364882141091705"
"1263","1097668.940897669558850297080845874","1099665.327461020711490461","27859699.21892378705511799661819086",1614211200,"23.50310839722107732965034332195109","85564.44656659331092411594666851154","5384995.085150435885116448","126564123.2047934399932957978326482"
"1505","1543282.756915780873606911682537625","1543164.810755926354941218","39817685.06195588309177387018739347",1614124800,"25.32221823863133183358619072556289","84630.22741861013922757477560999117","5422358.288263989102843943","137306139.9434721536191591338698823"
"1852","4166570.42420006945059980160439233","4169805.685938929295856659","92990277.51632273447687938762633786",1614038400,"24.55443874753670718835796503143825","84667.13909691035666967578926609399","5412536.643893936676423153","132901799.4912915670099578403648546"
"1733","2551007.623057891031290092559109227","2554254.389058037988578671","67819333.73593989237762572575721823",1613952000,"27.55370962327402064368821454242474","83576.36019813435781738776937794193","5393309.915623053937097214","148605695.3234021375619326013794927"
"2737","2906247.748988860927011943189048657","2904057.223403645569315179","87058531.96351136873760007947246086",1613865600,"28.80760544497449543936438722628453","81975.97878968812123738160978814673","5487799.956955644759843163","158090375.9209262336803853313734702"
"3800","6330241.62737930191136945842859036","6333874.699899010913862285","170448680.8661976195000758782258671",1613779200,"28.89258199555319910222593096063973","77485.55513407784366297224681414883","5136264.671972864966625826","148399948.1858391564686297708689463"
"1467","1516446.38250661981640211576422516","1518554.161275361268428821","30729082.44264515766154220074965687",1613692800,"19.95663994779254347236622141712255","70066.22933492240038079253013820336","6874516.895758397332388717","137192258.5036668205556515242288424"
"1111","915779.0003880498205076770213286985","922043.91555905276060962","19683969.84135444736978349516917941",1613606400,"21.13233072405587555772694233341926","74252.18099557037170566083884249403","6792217.576335308264372323","143535388.1728629691064868317702229"
"1233","1078930.611185713236406322303713945","1087918.237157069469903296","22252133.65365502590217248234283845",1613520000,"21.52511052668559937365047633184419","76850.71865674129765824754880138099","6586151.008503567210468016","141767628.40348111107679104728468"
"1295","1204706.979040722772889344363431837","1210490.814213308352449449","24846995.87606627612798667547387132",1613433600,"20.37955854233062659300147303788463","76431.23222312505990371101282168393","6668835.012086556559452832","135907913.5379621511738982086946638"
"1487","1943398.028979966238368236519975976","1952317.342123513285772643","38494092.17915062509364874975851695",1613347200,"20.0491319115650759912929324713783","76051.00169459110528075650061177654","6739981.701073028382458643","135130782.2063479181251903587823856"
"1478","770844.2086304130109422535653487824","779049.752336491850907213","16921950.91934285591923626890533722",1613260800,"20.98259326896147601819745030280483","77542.08559222270025357080249220554","6675766.629906783520852552","140074895.9538397128899122812891668"
"1534","898128.9414072746323533950170646022","908534.797716042772781814","20160219.48311365849258485124318466",1613174400,"21.84244365226532763089302407734264","79863.49492386493062917521539430699","6620817.480318751502220147","144614832.7457956345028620091489155"
"1903","1620746.284664289360804005498105733","1624390.627386707513645144","36591100.29457587165725596991847928",1613088000,"22.75202066918366119836301603491739","81497.43724918994437049639568943811","6591771.747052739265234209","149976127.035484816294075774199196"
"1431","949187.9718387362328391091668340021","952186.616416727141133557","19881561.75029243310332688781826074",1613001600,"21.51706864899315998828033679777549","80468.90057369642583253373389789687","6663131.951176609631406985","143371067.6107668498614229723534635"
"1718","2425418.326345569807110311279696175","2424431.634800973581723841","50852788.26302014640475748621412626",1612915200,"20.76310331782904324376403360678334","80184.7853977901404407736394567116","6743719.892894400549519666","140020552.8826654481954996150023515"
"1237","887995.8172909145765445021892254098","887172.428263534410339548","17094994.57557313118134445020471288",1612828800,"19.58021127296207626758860680454561","78499.37985389823861586670249206545","7097286.286335635776355875","138966364.9511481659038553673371565"
"1465","1298136.74953293998761994662719472","1293747.077673624096606948","24836867.72064946633947908941747693",1612742400,"19.33493323128288082210351096063648","80057.05951216764527736697802213809","7234793.309267488459647031","139884245.5768190071654129499711763"
"1665","1078783.263660562645885175471958046","1083004.17601192673054427","19894937.79181998513619161712782412",1612656000,"18.6484333295252846367500441849104","83692.37767689042269724385226126173","7268320.558665980774564695","135542791.355900512779307231630562"
"1786","1580209.971733165239108969952270205","1580749.439571996455855281","31524995.85697018923499685796063722",1612569600,"19.26106549795259333437025573138274","80905.7880602493540207874023663497","7049782.514820189308170217","135786322.7642726152749833577863979"
"1756","1780191.088215613958466599029177254","1783829.358155792108512169","37090421.44642815126217632374354233",1612483200,"21.219580619332855598588343780138","81832.86297432858102613256360522147","6627585.345425865926739581","140634581.5487731538076827486308084"
"2038","2523126.919107148701687197715092713","2525090.009205354207433841","52329908.57470831693935446371634418",1612396800,"20.02040391439159585027643851304961","83535.32130716172876227067449397852","6662022.717546624391841565","133376385.6921361759025513575411807"
"2075","1491496.864873891883360003444109811","1493701.023868640108695791","29342329.75544561955052103966604557",1612310400,"19.81157091949067847842580468775003","79496.66145337193467417984765113871","6676330.817022032886399769","132268601.4634131487612229746767403"
"2964","4134553.649826577387426085462791284","4142659.951001150440105818","78636210.63448313416194598975852939",1612224000,"19.06299287235932322571785503291181","84782.81616888507572135491080418212","6732718.945678556388393388","128345773.2730688979246061538510883"
"3459","4556702.801861806837557276380010739","4563556.85639483015846064","86740676.16272620980859029070407729",1612137600,"20.42677845345201664423216112773383","87211.20589446572420776466648307345","5852412.801869691769290607","119545939.7219385659420592959178061"
"4386","4389671.661533252215284981745435022","4399625.358863011387074935","83030617.98334243329619300706607351",1612051200,"17.60532608047256000625324388844437","81193.28840298034492506234687321165","6056704.879619040520367689","106630264.3788825110335928729019231"
"4135","4631316.805741703305184170965094859","4638475.283656611653404421","79086677.67488731298954988971120041",1611964800,"19.48039659825746566690464100469715","81336.96364160025684423503014440037","5750219.326974800886565425","112016553.0164342448762440121390846"
"3070","3699880.078588934706956842650901901","3701650.225338961885948556","54961018.57376065364352375488109081",1611878400,"15.6928640780010883249311638877853","72004.5848188381240267134295481789","6348206.998921262851505486","99621549.57308657946473140456338489"
"3546","3178263.961409297679643865894628664","3190630.366846065894589652","46200282.41150269378483215260156663",1611792000,"14.17148504638292971752549296938974","69533.92333107551576515083822538096","6541185.791006651395136468","92698316.62286325595994343869976087"
"3594","4239882.140819692777106573167893872","4252176.502653756158866351","60397057.2017794997460443875996244",1611705600,"14.78175793931720085100546451799446","72566.76058497839506836850778456906","6122773.205357842419061803","90505351.43893691338513073480611101"
"3698","5121379.856661088192708748594428119","5139135.846542433717229782","65566127.50911221641771790803471337",1611619200,"13.84127519407660630450870516446169","67068.35228575009600792683057544011","6599565.758519577193658811","91346405.82507438631808020929884668"
"2970","4906345.647477026069123491152141076","4913576.394266624319736367","58107185.97703961990742479882423189",1611532800,"11.39902580766353833961842062738679","60508.22102264119458147162584441614","7016594.919257311793178536","79982346.56653495814638662123541541"
"3108","4137298.852772957908832653165410907","4146519.183343797745026615","44426184.69481286769388322314786428",1611446400,"12.01948480989570877523216207158466","59792.97471977148311253991456987117","6937951.534154122625863425","83390603.07655810563756591633534593"
"1487","2068797.561518179039932793029524318","2073872.169363004457551819","19219185.43847205039985509259656282",1611360000,"9.269513073419010136534016224406694","55833.94856781990021997333483592247","7397421.118469819928566043","68570491.7672418720166485159885757"
"1308","2506823.934738858293023374079917696","2517605.185634578077516749","20697868.83515935210413738471288206",1611273600,"8.736467866562041879339339547552937","54850.53726380128215364622582422197","7752897.763826204726241856","67732942.18640834802905594504137591"
"1460","3294652.419467915936535005974003543","3307426.633600680590235203","26822780.43691870553687951950709581",1611187200,"7.573615695367571765666907583519923","53262.02624221282655706120936443986","7852574.259612803636661724","59472379.66164291883121069806537347"
"1592","2141073.042987539585977217267243442","2150770.642383848378466323","17913011.70790429729432991691800972",1611100800,"9.01671755623054063202014826413522","52844.57281773595288623176571803617","8084734.641196672745596471","72897768.77674325982790308929742586"
"1999","3028365.293288044766763915542403815","3023139.852347395050701305","27527367.28630636788346507245675909",1611014400,"8.68245305949502893865202599098008","50725.61843467142261526253554867446","8040800.455833983790020172","69813872.51854479586938127983847729"
"2522","3682304.585680271500163970531418098","3691904.270704947084852022","33683396.55709726629387113238463803",1610928000,"9.165559875071204576768559058258446","54463.306603654235258463259653964","7463228.660595553124374089","68404669.15003601135829872088674016"
"2688","3814720.651359134335780019584041292","3824522.565879194139052362","33160375.98796550503731105217828522",1610841600,"8.652831142898909357463778424758972","54440.54435945244190058873572523232","7738585.084424869231384633","66960670.02048449419052169491855178"
"2584","4343458.143386164648679185524107744","4351284.56825709947114504","36163782.72162968110332679716775888",1610755200,"8.406117543353256745846263896164615","53091.82059461197205998353512849062","7782614.967871601941353502","65421576.21458911568844927807148387"
"1897","4283235.498935600852610761061648684","4292106.514637190115414406","30273147.52951443393471330024922072",1610668800,"7.336670746969043991310519499772132","50999.74882054415532245949699221292","8132725.634065594867375057","59667130.2525743198172266300037268"
"1655","3294110.210389484346093260496643723","3305180.198215189583857366","21658636.93882606120211793409477529",1610582400,"6.865143799297741221539013929229294","48602.23850540716847419867202234924","8669550.744390308181488494","59517712.53554824087667393904385795"
"1482","2545612.441350437299890414951003101","2552648.127723216095498771","14982230.13264135511790230326088256",1610496000,"6.341113254860757659702431212997965","48690.00360407797394052389008450513","8661191.558342272378386106","54921596.59349228462305538747154301"
"1309","2753028.1247311855128635266315974","2765676.252137677105457727","15280845.52016384826969161264520579",1610409600,"5.551062029820844190975809137515273","48465.96610034962734166938334806954","9088312.854238556547345414","50449788.40029635176991096314632345"
"1027","3566696.406145176864407710163143184","3589953.999828584399796408","19123117.31713783969051381735059089",1610323200,"5.22847341972167925976945092746705","46127.51822626711767071492595323436","9592635.225110093430524672","50154838.29957401073860058326686944"
"1399","2404807.206801431319843496112149934","2416630.429984357395554866","14932467.48899324789063064459889576",1610236800,"5.981909756633351890756178627187999","45891.87985725213997282323151117069","9675918.230953067910945492","57880469.67012467922099168240638106"
"1248","2196117.638857923436892164863615415","2205854.124852242760317423","13426291.26994366170652030703489718",1610150400,"6.285340950523199946776850968064598","46274.15025517996314508936027365552","9447697.722327369583141838","59382001.38230898029219127992145966"
"1217","2387400.248023511954773382809733181","2397731.475929876054619011","14388275.08210779845610347679334972",1610064000,"5.896830929075577777546669577594866","46126.27309584150905916947393068237","9533998.825477203060914526","56220379.15184420263637637302440974"
"1354","2307182.439734420745032169088474005","2314315.961209701517520542","14730079.72503790670060080523408466",1609977600,"6.273899602924296884784754391228916","47356.42307342729412569540620315305","9221417.767418797541357285","57854249.26940785017776402827814222"
"1597","2420712.881064558471493370635381192","2436532.639507197987476882","15330261.63118208877378421581580854",1609891200,"6.418663536764758103897339064207868","48139.41872169679013112181735061899","9069522.877492103514988501","58214215.78961235107863852048130239"
"1756","3688171.143861463808789852587688002","3706864.895852984100007661","22224266.75548317916995188309680004",1609804800,"6.307101373528652964333831474973995","50143.55095222359236025133289854478","8759621.519760653813752976","55247820.91887356618296297279381011"
"1576","4811918.172925359309726942867352821","4841795.981503384027547396","26814509.16230960398412429742096668",1609718400,"5.390870370423877840785569659808861","48113.81937194855567364289378699065","9281375.717556299398625812","50034693.35254591273357809006047217"
"1643","3927513.15129066729243483818077084","3940013.16251873175055584","20125815.49551969895361068600904243",1609632000,"5.475641299948011676808545358549797","48984.59053180387778670109938238225","8729573.219563223073460085","47800011.65196051634828885525668164"
"2062","4852338.064719221566642998970442731","4875081.987378556284031012","23140611.67577607009524573368255982",1609545600,"4.847914230554830334046354275535543","52261.15461941735850037237153505412","8357877.79340430798720847","40518274.69188294896252371825723771"
"2328","4706140.340587094029142942208791237","4719971.123467539510048534","23284707.57783658415343369796071173",1609459200,"4.742734826357360240702409830301997","53080.01425394173982176257731264656","8163725.97301931393287315","38718387.4850768276388112116723493"
"3215","6741367.275174833473628699633178266","6764978.834551558327251506","31467235.43784803755226393112236968",1609372800,"5.144840727401982340468874812759921","54572.03016242246849323029594412914","7808158.798620027798789013","40171733.3931624523657037919026574"
"2005","3843203.063130354223357335119795102","3865526.009267256058813452","15506175.19420703336349735704901843",1609286400,"4.146383695488457153600136604437566","45974.34956296098201660903405152545","8324969.552046135904442321","34518518.01604194273313397768990216"
"1124","1955325.977759221647401326025639869","1958182.903388955305665824","7056443.838291600630943411920137939",1609200000,"3.672428005841091576760698920763922","42333.28227726811776796247846098025","8446522.183145194131845987","31019244.61734044857211867728377331"
"1274","2421915.967209052621168906440334367","2432555.395352940321877044","9197075.540184944870189242252096573",1609113600,"3.731817079027796138298536450195115","43148.93890073367772366336118802915","8438761.324653546636665804","31491913.6371813340734808656168746"
"1305","2237146.431767398911663047951949582","2254655.124491570691648632","8068326.134503678153888872577759088",1609027200,"3.614124641979667359789094794495482","44073.77060471817860961130176918821","8335631.712630872943223361","30126011.97908641515353108078835907"
"1383","1321232.487130577010383274357621147","1332262.829011155597781003","4624667.447280507122323176967811019",1608940800,"3.394639429627240822838521844302485","44154.17369772460671095924569430576","8250467.040851430538441396","28007360.72971424957235361877766238"
"1077","1122479.600558705346268043641662111","1135907.799968184867846975","3953830.609802063607659091174264741",1608854400,"3.489413087854338326616567606367269","45808.85936768257583647407530202113","8202317.918494432280866415","28621275.49553662590235414944059836"
"970","1558496.559898602548344891042477665","1573972.300827283705687044","5199078.050608778912397589406233989",1608768000,"3.506467783686493591219192044286911","46614.15469171825501555969790329856","8136959.921775203372999414","28531987.82285292163400147260669941"
"1028","1812239.625071788048540556009687537","1834199.528467317745451107","6384787.662138746969106394636865101",1608681600,"3.307065969723061042152856902809317","45912.76013985083515514508832553207","8089410.59764818948854522","26752214.5025994165491692772701285"
"1380","2190431.481928911835415564925320432","2217568.075560135777394579","7764589.320920937709496440387906501",1608595200,"3.730341349451102799554304991251414","46748.99129426214648512008969696529","7951551.887826575765752896","29662002.79946545263746925331943027"
"1278","1659157.730077601487373396906710359","1696870.791947633734456006","6160780.715490137409342868936244468",1608508800,"3.53205347969152849200311606200568","46329.07684714783792348590828593115","8006697.935500133619744379","28280085.30392222430584386697273265"
"1437","1118221.641754742762056302308574208","1139126.302277993524690903","4431042.718028076946927999141653093",1608422400,"3.745578985966761425239307040607425","47131.08446976025351316414493321075","8020895.90597587291933635","30042899.15405005828145419048800057"
"2327","3896072.180081373479402172224788458","3933447.850620619946803382","16053786.20738579208458516138733823",1608336000,"3.951605727821774728405190316917759","47582.99140183997029943240650934191","7935138.263015199023955049","31356537.81118858884205253064431951"
"1075","1060098.190734061021131108699334278","1075190.31050462971970867","3990392.158074144309112823073443377",1608249600,"3.760753402267873713568040385279788","46380.79068664733177808128071885959","8042639.723865694426127126","30246384.70474266267387176923564393"
"1383","2447471.151322355036915872026800428","2475404.032965232435023908","9252951.05385698979904656942098915",1608163200,"3.679107984030442731144310914380892","46273.65354028338934951616182851708","8084123.124957152220811964","29742361.93291499118032320488683509"
"987","868208.0640033009190010012280254097","887399.053831911344306736","3018004.337947478079524344958477845",1608076800,"3.52395726697418315189072024181984","44731.70031132264438855351245167892","8073678.334419795353119181","28451297.43779065713603427036120595"
"945","1648572.180192653745926901233650373","1660696.805284175310430389","5612657.62366944109888873507799703",1607990400,"3.334706217725774829649618211591731","45430.69852546922980224414133245845","8014521.318179199735024147","26726074.07182795032089451793054527"
"1141","944710.6107011542108004719559482449","967588.983838538086319668","3226515.541472515140146410124024686",1607904000,"3.488142389583085563954412071975159","46527.9822638580456289340097827278","7817168.315479087496614271","27267396.16772840793573781781407797"
"1132","744742.4176549812988290168633549033","757642.124266674581277449","2455636.314172160300359089751856974",1607817600,"3.324300811274471694517453774441393","45324.89694210331761140773933879767","8028604.133723446150902673","26689495.23513842907035349254101481"
"1148","853422.773412298297097716364410851","873251.309304223050421116","2705217.209773301178959377588877871",1607731200,"3.1245883952019235552643710492263","45194.24509335797246541978159627108","8215964.072403490295558933","25671505.99602788221042261528749669"
"1412","2042118.258386863209279586975758104","2075478.547759789348184674","6197697.16977610999848203569081883",1607644800,"2.970233197264913807969872522948502","45404.44391499483653561810747293494","8339522.899148845159793114","24770327.76440283770569574860012407"
"1249","1225441.129237321955666847635216831","1247030.353775626330605398","4051185.310135139743319245603973026",1607558400,"3.235707088418636333789974285955202","46644.1002304586886346730671882856","8054559.304010324632757206","26062194.63407448541671829767054256"
"1323","1630419.771113253673280088543537783","1654306.526978626198149769","5391132.604344869823712130427088496",1607472000,"3.362089128191241000409017749956085","47261.13018981684625460843987532075","8071820.417188852635444487","27138179.66934272878012718838218055"
"1316","1555727.544461769027758203942344591","1580201.366267927521009632","5525031.355663348349821613518163741",1607385600,"3.279984530606557982280833951608692","50470.76003547659759582607599826599","8516381.131473792063857133","27933598.36798361302532947733685078"
"1544","1247182.689298553637989117871938215","1265730.450415396559835825","4685987.650289768908967550997156516",1607299200,"3.738869578044913400031775903783305","52748.8315030172244579706867372515","8323256.451153166141966851","31119570.33548264165313718989671511"
"1481","1055727.032716480526185679511870044","1081648.364234602175132029","3909272.685775355165840267931584035",1607212800,"3.629007262832832216400346691778658","51615.69315923933620936593799280773","8547578.655765425999350549","31019225.02140762799690416535346353"
"1477","1038525.371809304125393684195008826","1065861.043035811893673563","3813477.92480238013749447010968285",1607126400,"3.669639249435227882395154099338071","52231.65317107443101039416953297951","8469840.479229131079359446","31081259.05903449940898280871897296"
"1345","1066999.977854526103765222899166163","1093030.598251892562178874","4063191.691836381071336703178218027",1607040000,"3.520964550784729499447211871983194","51938.85736568304707557301395697126","8392698.36354912733592574","29550393.4234854875190698128748783"
"1717","1401145.149746268002893128822033168","1426142.827950912587176158","5589179.279491408680136565292671519",1606953600,"3.887027356591796828862224769677806","55857.14067864604147284318056259304","8869738.847473439926035937","34476917.54595425579869516985543428"
"2683","3004104.512253735917143459809517476","3044103.58805995131592144","11861875.69344985905014289131626492",1606867200,"3.957870841311911498127363527853517","58374.50273215374457371065384242113","8822612.216840043412006924","34918759.63723345117550771157354748"
"1535","2421096.594586396403432462483090235","2464810.462439752812476755","9194956.038326964191074065698476804",1606780800,"3.551446078918851682829672925512796","52971.25173961538853765021814319374","8753025.049607972499704509","31085896.49110872116829000151892397"
"1330","2023417.656138084658601945355693887","2051013.392505298225048987","7511841.370793039548966043324455653",1606694400,"3.77533205754200661705342419243474","57168.61704553395008901881029585408","9320315.812853362639790297","35187287.07468098545784063856865628"
"1397","1116031.104620950148724513027521306","1141129.768366045730953654","3951760.813846458748179001912023274",1606608000,"3.541559565562110312413859236142676","58207.12376553360650837781687632818","9416205.884345325847440672","33348054.02100541894944781349413155"
"1510","1540109.835391260394186776943671536","1570550.644954483578114635","5356352.21891774445190385715474683",1606521600,"3.458834030621085007127605599979423","59609.84267213291339149506417273142","9260508.904312194395440797","32030563.33910459495776589989504916"
"1433","2135217.909391639521702016654826358","2158174.574850634301328832","7236042.395644839089890208102717335",1606435200,"3.310092054622145240891479624016881","56332.52146666924795752273917767717","8793577.823397615120983861","29107552.08492994368775460928497831"
"1942","5548556.306716506166246937637312512","5604509.312188561283910007","18215711.98317354949390648834990515",1606348800,"3.401062859436524322071035888625152","56656.72662203228281283153598232056","8628525.43583088814720597","29346157.39150778269879431711704413"
"1939","2539319.057177858963828312865960825","2575921.467601999684148832","10107461.97415070983525030946991462",1606262400,"3.694407384773200130381099615465745","59574.80697327645254273204907648672","9185252.221900451792773952","33934063.63959347383171684037461526"
"2830","5107143.946690655923360373912563649","5147983.47713642089370297","21488877.03077152410904832208591484",1606176000,"4.044828980155985458276607482109649","60817.32174701491551660387836036215","9066778.207254730162010907","36673567.24935066435513279840742792"
"2295","3022950.991114422380127072773133484","3054689.737292785157854223","12031145.70855769449119245497265181",1606089600,"4.154909794208856631393911980963783","60359.48403305811651373687517211262","8821448.42280125784398668","36652322.45100521713310098925659678"
"2026","2380554.586972299395627573241921287","2414650.621088706658638679","8929135.051916748867081531607998076",1606003200,"3.673764468348372586885391544572035","59474.90065163619145846567061551233","9048161.479558586903834047","33240814.14748077631278623156335996"
"2354","2708815.37364697071916187763186254","2760115.276071887175511294","10360254.21420863707855243212632897",1605916800,"3.829225687422907002025452904839745","60000.78012420600017493879990786277","8633370.591333051148795134","33059124.43737401190520655841836412"
"2626","4363673.336711233314615355848621566","4390445.570035649691027326","17046586.71740870184858470726852445",1605830400,"3.828278484592850804948748650521567","62968.73914104121913285041126808324","8354848.109240577443548238","31984685.25864696263365925118729769"
"3002","4935576.40060759910732434256575372","4966934.755010904898760275","17961347.20787574453546055568357798",1605744000,"3.709379123260603040627166853788787","62762.92160059434889946802959668865","7946278.825761217042355364","29475760.7838864375036494401344845"
"2389","3461151.977054718854489073080102595","3494758.974226256322857188","12176559.90528161263608503712991012",1605657600,"3.459858391146786316039199256999772","57560.57632666680449052637175475502","7972348.505488338079868242","27583196.87386036772557821432378338"
"3423","4713168.950872677540841185241660812","4730433.906483417042537829","17174917.88468065223360791774395733",1605571200,"3.801602981156805299196931401455636","63653.86662564462925566240537561836","8078613.47137177225298809","30711681.05638045695868742046252162"
"3826","6732621.732914305133141210618105259","6652296.166245231347487038","23574017.69395502814683659258144305",1605484800,"3.589323237734164016556856713487723","63376.8550633667252809933708237371","8155755.595941251787799632","29273643.08179238021518930220741189"
"5029","6090203.161958793933744231274200724","6136581.035754364164822298","24266811.87799415361669224703515103",1605398400,"3.848975288769841136552766977684373","68736.97917334534757210379341983772","7999150.7064970770575099","30788533.40045306590993393865805636"
"4482","6805785.263826487971582852435531433","6889499.227959165857443226","25830047.48788209699951198543615692",1605312000,"3.795535618756948922627661415958224","69664.37730782111333802049014612112","8461397.18907567710509851","32115534.41558665843606408060553375"
"4405","7177103.58464482343868445610635497","7263255.325487821819866795","25503259.06780333589136125900463246",1605225600,"3.873432637665645894801462287175466","66893.83243115287154682484418436997","8209500.657253232599707899","31798947.78474224233633145342485284"
"2125","2692432.921399836463536661383130112","2733741.569769960819276332","8103236.176932759793196176296309496",1605139200,"2.969091409707580034938156872574985","57124.01689798942777660096399394352","8890260.28620904276138052","26395995.44584772072485364190664523"
"2418","3355726.832711821006588611353766395","3402167.162201100107714489","10449658.89515062561770235543668004",1605052800,"2.915175987720991146553761051214358","56594.47978239239328181550625512159","9003634.589469096384616021","26247179.35743445368483356612363085"
"2980","4740483.237669805808985954666163742","4800942.761293326785036101","14011745.84689183260802652295461588",1604966400,"3.065557515605056737140991668317787","58465.55583011599222371055020393921","8587649.946480995858342947","26325934.83482018011455389970253971"
"2120","2592832.306313642690237026562936153","2630821.404416638660047948","7075452.915243375250042785486615461",1604880000,"2.66290395456119800089630709384119","52540.9388930588003733441329942776","8746953.841755789251416663","23292297.97557575450991375419836919"
"2464","2824940.749295672549788265750559461","2866215.424051381984017608","7731729.83018900114057350150082153",1604793600,"2.866094239636015783840916741458232","55562.35684603675866407629247480952","8813439.95854421131786235","25260149.4965614498084922324424261"
"3812","7892163.833642686588919625466492766","8006259.079376249199067333","22051249.10453184536106026991919988",1604707200,"2.475141271926435516125169914511088","51378.98009823357420025514047172533","9044226.552141648063721422","22385738.411858719254260443132362"
"3354","6132566.74790776360099460694069355","6215169.609146945410056722","15326030.9246690525851831091457037",1604620800,"2.560329664172865137186923887026079","51040.51641042027072590238652371995","9071105.094923449420310783","23225019.46136212118669624812648667"
"4411","8170191.532487854033119883762661763","8283715.409096144270363324","17322221.80302261887957147145209054",1604534400,"2.187069745540379771947460347774103","48162.47686611054032230134477086175","9132613.466191030620963771","19973662.60962106304362304079518259"
"2666","2950564.831449686699754685133667224","3007217.203870837964561574","5975185.429522125046203710756810981",1604448000,"1.929128411116497452525455733746073","46466.979231671739284217271102875","9654873.855330312965541152","18625491.46006357873994770721759595"
"2339","2672002.028322312477982238638685614","2707776.490693218958628415","5769871.139039695789909569234889376",1604361600,"2.127252725599622943525188408911105","50123.94353524555313375021505842641","9123434.19064200989494321","19407850.24887200551294601411177668"
"1995","1330406.028444358869156629882748166","1359305.384432065878460337","3163293.54235528952701372301892102",1604275200,"2.25642132029156544072720163865797","51646.49080827014415242777001478904","8755609.175063140320733261","19756343.21475291521381658302847553"
"2474","2341244.579339204350904085170678213","2377859.633027938787945132","5595820.770240680774785251454475436",1604188800,"2.362874391374927675667634767972342","52272.32104954273470376926173683707","8725418.877979068889329705","20617068.82079609673176916710548692"
"2838","2105234.408130411126678719870547325","2121830.995558043890260478","4973586.608076722738443185474442649",1604102400,"2.2628187855869016353136836495344","51971.13734580251750761733273194223","8862983.240732378724603404","20055324.97347110309351052884576825"
"3620","4819604.14306094714844018091960047","4862035.019170082353032209","11525486.88182329250672406647334006",1604016000,"2.411360056380503571487189319678005","54675.58366636366748971539939191716","8687567.334779271796725926","20948852.85820276598581120497093363"
"2760","1946988.003546711766527914413543989","1930655.472559876297310693","5006649.474339547814593553182581735",1603929600,"2.526329367327941361743191048027601","55987.73770675924858102992885700488","8535591.953909293847320184","21563716.62068913314936663371564444"
"2547","2030369.340147660381890525515926626","2053984.60515301286264782","5531293.755422613475188667460001464",1603843200,"2.657936982395416636229029613408073","58500.68715752058326522582711021921","8528491.835624199203153442","22668193.85396293166994572750956378"
"2819","2424230.407793849238191309333055514","2457447.991712278752927502","6897716.881272911656525209428061865",1603756800,"2.814191977770282040900249577608513","60086.29315760392395770324655095846","8612350.362084500307643672","24236807.29872518457567930584225504"
"2814","2150872.783455348963165873758895661","2187975.523910516499154638","5913971.608131613754499517311261784",1603670400,"2.716674084755139299187199108216026","60425.65535465207977993746542530444","8742588.705678223400209807","23750764.17038900546280011858674408"
"2666","2126525.971087288895763316413235369","2146462.754617677646075274","6139262.667394063489544317105741984",1603584000,"2.766929779243859709780775911193447","59964.6910913469858140591796801647","8786209.596904996265169485","24310824.98035462292235554902242424"
"2604","1270791.192865372333668651551110385","1284668.984913849311988117","3836959.937554631823501680619895163",1603497600,"2.937119480037273805439208410366696","62362.71638680831854507300996648004","8717916.630580314419139848","25605562.76101835511330402238656331"
"2632","2373258.061141806930440950947908872","2410836.260576183037018192","7364133.749850898100022607041281493",1603411200,"2.99657258859975994769274816424641","63776.37377467159251641591856151329","8681556.954657759228966917","26014915.59669505037204343076251497"
"2931","2317557.076723799953917617904046116","2316995.081861892636554201","7013429.906016817896578910828900135",1603324800,"3.030840724877853299162328819734946","60911.56491601058416040974992017146","8311755.713380226378933166","25191607.7113489639804318628500437"
"3102","2529699.859816950668151765761675367","2485310.951523449332151793","7331643.548662496059195758190615372",1603238400,"2.925212149822623191990006496772272","61920.29955028934875147660354080598","8284515.793342133669947412","24233966.25408181755092285278585028"
"4303","2675623.696241769241434069045773395","2652794.760914824977152377","7819793.567847479303223807524672691",1603152000,"2.8416400036091436484854923860701","63418.59941920334221935906186581398","8208542.081223805320331694","23325721.54931462166624213665759391"
"7448","1930469.457325114873298561705114172","1900430.730591156151893915","6059116.643040755673924253890536075",1603065600,"3.152493709501725158980765733955229","66230.49844500733239943369686465499","7946136.968221861586025275","25050146.80715852839987749509154453"
"3957","2298605.277676569749285349331572188","2335839.508616313673580995","7392874.978458567847358138411357283",1602979200,"3.252054229027640050615712916098496","67989.5407869717446798339871157788","7867576.076603506129185014","25585784.0521151202646238380504625"
"2879","1928510.051231984238497112550178709","1808840.988873030824713294","5526939.614251911454024030447989687",1602892800,"3.051920635649846068339587694775772","67446.50517897526148682255149934421","8101921.76451510657885511","24726422.22154426654189724175633011"
"3656","4273794.652580501792786284320945931","4093689.101810637508823296","12855160.44190791071176897201017325",1602806400,"3.045511495994271091246445696415804","68723.45610706776639223952707519426","8238010.622950726169848366","25088956.05631936318065155147315844"
"3161","3429125.356293906004113979936782632","3196389.800296972378928919","9805370.134158317666133235366064419",1602720000,"3.096915893423690280667153545675692","69290.53285894447375533123525082415","8440818.042938338524864603","26140503.55067318956234028306191982"
"3621","3507733.522998111477463769917374316","3023112.214098231055622424","9607074.504519927530730961503578175",1602633600,"3.098740696145525074988055801332904","69642.03200370045225003845227331253","8477357.213394776170585955","26269131.79290921727778554749262869"
"3026","2296395.670933835977596575645918802","1987533.516861868536507629","6728703.747447561088309826830286065",1602547200,"3.353867415025319191607859063866685","73284.43410805317111744425895439661","8318664.543551190557818028","27899697.94914280825782123366283243"
"3637","3199612.737608212523867054712643191","3164581.765724980446127347","10897828.77500253828385522692254212",1602460800,"3.443283647863774678452995994281862","73310.95167852327452430920020352051","8231850.340952264897354748","28344595.67066277201000296540126841"
"3855","2938781.454558982091101497291231431","2901926.342455753600781091","9720152.667895155336468802643467252",1602374400,"3.352531333581683070205613245674002","74831.6969132381880598763983259838","8319057.44551751281201052","27889900.7519634569786197000191991"
"3805","3365617.963428037515683420432583827","3429521.81617171387193769","11716045.34723250051448520490961585",1602288000,"3.28057777069276967794608502705228","74478.11222037514823594130489815389","8411388.088538029231197388","27594212.78392780511265236779486966"
"4141","6211738.501462594215583144835848926","6224445.794730105950452306","21071805.4226016035306072433371303",1602201600,"3.382345330536543046253250286388528","75976.58369709078215445159295477394","8184956.41755829210507012","27684349.11957340075408660618997593"
"4792","5629557.757636231708299267935182311","5719921.106355342368619229","17544365.08739050872678517620673788",1602115200,"3.365085307005070357130023982639749","69830.82926250582761040425710428539","7265219.149927632023896565","24448082.21359334189263502611642041"
"5441","8872318.718135093313975071869196556","9012724.984725390216820741","24600040.63438828653380414170187898",1602028800,"2.947631127643356333818280122364836","65027.67493078269367326053196632052","7513952.837382903115567405","22148361.27511396359101388935715844"
"5682","7822751.258890881237006967333291255","7946521.475133541693209452","23684491.12556936129844581404371957",1601942400,"2.694108804262046963417654410357329","59194.93078844363449290559615647878","7429793.256862282991406905","20016671.42715946478447052519580803"
"5787","6432621.167691317928248774450239417","6626642.757327003596499447","22496468.19570783560494400963278654",1601856000,"3.301652016092996790484939856633899","65651.36515608063629066178195176553","6997239.080243984629745348","23102448.51637225840139022489460386"
"4530","3253583.722864098672424927001798401","3335751.600623299844708323","12462078.39349403009753411891260316",1601769600,"3.71604999326098199938210425412934","70692.28107473748839202638955269719","6678030.076716673094981014","24815893.62157962815894282981230769"
"4169","2663000.588716613079890409862083574","2730593.077970989142918855","10743440.12449041847658205194140602",1601683200,"3.884201864099749854801067713892131","73319.01365485922178496581067925232","6540155.367197642060428992","25403283.6687710652957774798592135"
"4920","4225073.043958679887983414590466481","4292826.64457637134692886","16720242.23450272982599208845254987",1601596800,"3.862514133083055898063138476179317","73378.11789661171643820097786012899","6540716.365927180372523424","25263609.40388137890946027950646506"
"5565","6019508.819463391546379061030810225","6103815.742877085968072673","25753600.22932482838746455555329443",1601510400,"4.238085786253807531117828349287559","75113.87785149425238043824951847037","6222734.133663328265346691","26372481.08351495241808557531252918"
"4799","3181835.829231490102997978675149434","3231620.65407758986764101","13185748.08461639565044646253703104",1601424000,"4.131791811020837094133155301302023","61927.10388235771957766526032514179","5376331.657017880031001532","22213883.11379856452150090043363098"
"5068","2984141.777350351886344604363271977","3057727.156934035398042077","12877710.31018654683899490002156655",1601337600,"4.332543402026146326033560039405587","62448.08800406043478164303009947553","5162106.57760535790426303","22365050.79335986446956139278629987"
"5899","3667656.969147626182451537481402712","3766322.76872610157631166","17128708.19745999203277461277586378",1601251200,"4.22139375541296545810067249264311","66374.09123374156038518974756963525","5556022.914620244543828619","23454160.43670924406204493889698558"
"5908","3293106.916372327515237166207642359","3420303.232440148099234735","16625905.15155123154111906911240655",1601164800,"4.784798540094568983277502705299126","74865.99987493179081336150523063809","5553217.00490292287327206","26571024.61788784029183776588261885"
"6473","3888390.451933281499685168671064011","4039313.522766461545743116","19509870.10749324602801840867368984",1601078400,"4.827864390576625360728116300609661","75461.53081927048070049067111997961","5520088.189824311886851952","26650237.20449537855849470663311152"
"8584","5759077.456930085210541638579830791","5850191.447074095206127734","29947798.01163829605499909536217774",1600992000,"4.903118199722126684341763408410682","77237.32052211698553766694121673464","5536697.332986557268704659","27147081.45971934885381501366787475"
"9489","7469471.004210223202940588587601744","7665356.964032484091825023","37506226.23657846556026216308876041",1600905600,"5.115051536223461021723674584731619","75865.71493421012599160106365918185","5177603.075319913975509896","26483706.56437044214511038755203716"
"12448","13870269.59027427592636106420678839","14059378.246664728594875693","63373819.88110968857788939036749283",1600819200,"4.358019382664458070349689429377399","73077.86097033802538140939110121911","5347372.332262600839426869","23303952.27032406307328829094005832"
"10168","10848971.39630160946668582912640807","11008313.416063545823953326","44356948.97752427314551734428331862",1600732800,"3.89330348672761525714080451834892","69045.53231917592503952955409349551","6073723.533951244510647074","23646849.01215195351829870803676678"
"11721","12469821.74998090132640552545504894","12627230.650768330820986019","58820883.70673796818178958902082555",1600646400,"4.261328654449747299325388537067094","72222.88743224382877534421584833489","5781328.129034747918854348","24636139.21703211738082817924074966"
"16802","15834236.57924665444122191787990627","16149127.154562859818316807","85772904.23507560305193331978731712",1600560000,"5.217302319320655167331724488956839","73618.13506293491784117373006294788","5206572.808838631446246073","27164264.39126565001652891865421934"
"24675","21558844.10809487502194526760434137","21938694.742697693396572285","139738230.7667428699580022895681156",1600473600,"5.641695960895033735330636935121713","72757.20428237094110015532085262791","4939143.715159786710385432","27865147.14809705968715748511856046"
"45435","43764655.04790837289976755116776779","44244120.768467862163543545","248929997.7238925325399955472382382",1600387200,"6.794764216168861019420654648859394","62304.39655121112063228531962714909","3488225.964209734871790112","23701672.95952342861797285270851937"
"71138","78017337.01560989165272895859682734","78317052.632889574354855929","237921027.0690091592655957420428033",1600300800,"3.47134757426519309941725801994775","37796.96542699400203267367598050538","4217540.275711541867068393","14640548.20545701456168035725491798"
